analysis_id,analysis_unit,auprc,auroc,author_commit,author_randomness_unseeded,author_threshold,author_training_order,balanced_accuracy,balancing_audit,best_epoch,brier,checkpoint_sha256,code_revision,configuration_sha256,ece,execution_backend,external_standard_scaler,f1,feature_cache_key,feature_indices_sha256,feature_sha256,fn,fold,fold_sha256,fp,global_feature_selection_retained,inner_split_seed,inner_validation_fraction,mode,model_name,model_reinitialized_per_fold,n_samples,nll,optimizer_reinitialized_per_fold,outer_test_evaluation_count,paper_thresholded_auc,protocol,reconstruction_seed,released_preprocessed_array_retained,run_id,sensitivity,specificity,split_sha256,threshold,threshold_comparator,threshold_selected_on_outer_test,threshold_source,tn,tp,track,validation_auprc,validation_auroc
author_behaviour_audit:dndf:fold-0,author_sample,0.4213450647288061,0.7312529110386586,feb0e63c790c042eaa21e9f3fc83ed64bdc8a24e,True,0.773,no_shuffle_repeated_dataset,0.6995808104331626,"{""applied_method"": ""svm_smote"", ""class_counts_after"": {""0"": 636, ""1"": 1021}, ""class_counts_before"": {""0"": 166, ""1"": 1021}, ""class_weights"": null, ""fallback_reason"": null, ""n_rows_after"": 1657, ""n_rows_before"": 1187, ""requested_method"": ""svm_smote""}",14,0.12590583187205331,68b953e4fc0f8981601b6ec978e0023d9157d3e63a2ba68df691286703d7ef2b,00cfeb8bca2408e1351b30e3f5202c26d40fb2ec,252e37dc9588024455e053798a26ee78b7c29b8a75aee4df33400f74a084c2ff,0.13646687053595527,cuda:0,False,0.3695652173913043,d93935f92612d4e107bbb959396ef0b0b5e357354f4a17fe91921120d17fac31,cdae71347d3d5d5629d48130dcee1a4df53cbda367304215e69668799b25a275,347d9dc12d10fe9cf006609f97fd9d4c67b9c04a71898813db7e0bad6f13f024,2,0,cbec2f4f94678297eb910a4524049fb2d2ff743fd3103bbd69564555cf2d165d,56,True,,,author_behaviour_audit,dndf,False,132.0,0.4126659348669344,False,1,0.6995808104331627,author_released_10fold_author_behaviour_audit,42,True,dndt-dndf-final-20260826-track-a,0.8947368421052632,0.504424778761062,cbec2f4f94678297eb910a4524049fb2d2ff743fd3103bbd69564555cf2d165d,0.22699999999999998,gt,True,test_balanced_accuracy_author_audit,57,17,A,,
author_behaviour_audit:dndf:fold-1,author_sample,0.6334898949659391,0.8737773637633908,feb0e63c790c042eaa21e9f3fc83ed64bdc8a24e,True,0.596,no_shuffle_repeated_dataset,0.832324173265021,"{""applied_method"": ""svm_smote"", ""class_counts_after"": {""0"": 1021, ""1"": 1021}, ""class_counts_before"": {""0"": 166, ""1"": 1021}, ""class_weights"": null, ""fallback_reason"": null, ""n_rows_after"": 2042, ""n_rows_before"": 1187, ""requested_method"": ""svm_smote""}",14,0.1266096206180256,9df3d52be1d5822122ba9a0d817b9e23958f16724f6d36165cd4faa009597bb1,00cfeb8bca2408e1351b30e3f5202c26d40fb2ec,252e37dc9588024455e053798a26ee78b7c29b8a75aee4df33400f74a084c2ff,0.198584706889409,cuda:0,False,0.5483870967741935,d93935f92612d4e107bbb959396ef0b0b5e357354f4a17fe91921120d17fac31,cdae71347d3d5d5629d48130dcee1a4df53cbda367304215e69668799b25a275,347d9dc12d10fe9cf006609f97fd9d4c67b9c04a71898813db7e0bad6f13f024,2,1,171218a49e181ee858f5f668fa4b26835f99bc1b0990edb099d78d219ff30428,26,True,,,author_behaviour_audit,dndf,False,132.0,0.4131398614541113,False,1,0.8323241732650211,author_released_10fold_author_behaviour_audit,42,True,dndt-dndf-final-20260826-track-a,0.8947368421052632,0.7699115044247787,171218a49e181ee858f5f668fa4b26835f99bc1b0990edb099d78d219ff30428,0.404,gt,True,test_balanced_accuracy_author_audit,87,17,A,,
author_behaviour_audit:dndf:fold-2,author_sample,0.7983529241206369,0.9306008383791337,feb0e63c790c042eaa21e9f3fc83ed64bdc8a24e,True,0.548,no_shuffle_repeated_dataset,0.8637633907778295,"{""applied_method"": ""svm_smote"", ""class_counts_after"": {""0"": 1021, ""1"": 1021}, ""class_counts_before"": {""0"": 166, ""1"": 1021}, ""class_weights"": null, ""fallback_reason"": null, ""n_rows_after"": 2042, ""n_rows_before"": 1187, ""requested_method"": ""svm_smote""}",14,0.0961280167715172,05cc2bc79b7b976786b8e804b95057cfacce32306b3c00800a6fea6072584a46,00cfeb8bca2408e1351b30e3f5202c26d40fb2ec,252e37dc9588024455e053798a26ee78b7c29b8a75aee4df33400f74a084c2ff,0.19180000161356994,cuda:0,False,0.7317073170731707,d93935f92612d4e107bbb959396ef0b0b5e357354f4a17fe91921120d17fac31,cdae71347d3d5d5629d48130dcee1a4df53cbda367304215e69668799b25a275,347d9dc12d10fe9cf006609f97fd9d4c67b9c04a71898813db7e0bad6f13f024,4,2,34a2d460f8b52d9ea2bacc29a401e9dc4b946d827a7961b393a437e0dd571857,7,True,,,author_behaviour_audit,dndf,False,132.0,0.3452104934646485,False,1,0.8637633907778296,author_released_10fold_author_behaviour_audit,42,True,dndt-dndf-final-20260826-track-a,0.7894736842105263,0.9380530973451328,34a2d460f8b52d9ea2bacc29a401e9dc4b946d827a7961b393a437e0dd571857,0.45199999999999996,gt,True,test_balanced_accuracy_author_audit,106,15,A,,
author_behaviour_audit:dndf:fold-3,author_sample,0.98755980861244,0.9976711690731253,feb0e63c790c042eaa21e9f3fc83ed64bdc8a24e,True,0.5720000000000001,no_shuffle_repeated_dataset,0.9867256637168141,"{""applied_method"": ""svm_smote"", ""class_counts_after"": {""0"": 578, ""1"": 1021}, ""class_counts_before"": {""0"": 166, ""1"": 1021}, ""class_weights"": null, ""fallback_reason"": null, ""n_rows_after"": 1599, ""n_rows_before"": 1187, ""requested_method"": ""svm_smote""}",14,0.04823317103557755,d0246db709e4654379b1a4dea9ad78882ac474a014df07a4a13ca48b2b53aee3,00cfeb8bca2408e1351b30e3f5202c26d40fb2ec,252e37dc9588024455e053798a26ee78b7c29b8a75aee4df33400f74a084c2ff,0.1608108050669684,cuda:0,False,0.926829268292683,d93935f92612d4e107bbb959396ef0b0b5e357354f4a17fe91921120d17fac31,cdae71347d3d5d5629d48130dcee1a4df53cbda367304215e69668799b25a275,347d9dc12d10fe9cf006609f97fd9d4c67b9c04a71898813db7e0bad6f13f024,0,3,2cdc80fa9cf4f444cc0fde3702bd3fd3a7834a6fd4c7522f7eca705f28ece430,3,True,,,author_behaviour_audit,dndf,False,132.0,0.21044402401459641,False,1,0.9867256637168141,author_released_10fold_author_behaviour_audit,42,True,dndt-dndf-final-20260826-track-a,1.0,0.9734513274336283,2cdc80fa9cf4f444cc0fde3702bd3fd3a7834a6fd4c7522f7eca705f28ece430,0.42799999999999994,gt,True,test_balanced_accuracy_author_audit,110,19,A,,
author_behaviour_audit:dndf:fold-4,author_sample,0.9378305689838196,0.9869585468095016,feb0e63c790c042eaa21e9f3fc83ed64bdc8a24e,True,0.482,no_shuffle_repeated_dataset,0.96040987424313,"{""applied_method"": ""svm_smote"", ""class_counts_after"": {""0"": 1021, ""1"": 1021}, ""class_counts_before"": {""0"": 166, ""1"": 1021}, ""class_weights"": null, ""fallback_reason"": null, ""n_rows_after"": 2042, ""n_rows_before"": 1187, ""requested_method"": ""svm_smote""}",14,0.07856870948184427,b2e772a20b9d6ecbc059cd83a4caf4bbfad99498eb5aa56966c0aa638b0e990c,00cfeb8bca2408e1351b30e3f5202c26d40fb2ec,252e37dc9588024455e053798a26ee78b7c29b8a75aee4df33400f74a084c2ff,0.20262236287464586,cuda:0,False,0.9,d93935f92612d4e107bbb959396ef0b0b5e357354f4a17fe91921120d17fac31,cdae71347d3d5d5629d48130dcee1a4df53cbda367304215e69668799b25a275,347d9dc12d10fe9cf006609f97fd9d4c67b9c04a71898813db7e0bad6f13f024,1,4,03c8a8d68a4f83160a312065ffecb9add3394442b93ea503dda263e2e661f98e,3,True,,,author_behaviour_audit,dndf,False,132.0,0.29923387121357714,False,1,0.96040987424313,author_released_10fold_author_behaviour_audit,42,True,dndt-dndf-final-20260826-track-a,0.9473684210526315,0.9734513274336283,03c8a8d68a4f83160a312065ffecb9add3394442b93ea503dda263e2e661f98e,0.518,gt,True,test_balanced_accuracy_author_audit,110,18,A,,
author_behaviour_audit:dndf:fold-5,author_sample,0.7418245019246968,0.8991228070175439,feb0e63c790c042eaa21e9f3fc83ed64bdc8a24e,True,0.373,no_shuffle_repeated_dataset,0.8362573099415205,"{""applied_method"": ""svm_smote"", ""class_counts_after"": {""0"": 1020, ""1"": 1020}, ""class_counts_before"": {""0"": 167, ""1"": 1020}, ""class_weights"": null, ""fallback_reason"": null, ""n_rows_after"": 2040, ""n_rows_before"": 1187, ""requested_method"": ""svm_smote""}",14,0.1699399875285935,fd7152f4be71d2b54e7e9141c63575886dcc7ea23d3059e36794ac114eda35bc,00cfeb8bca2408e1351b30e3f5202c26d40fb2ec,252e37dc9588024455e053798a26ee78b7c29b8a75aee4df33400f74a084c2ff,0.29958150804944156,cuda:0,False,0.6363636363636364,d93935f92612d4e107bbb959396ef0b0b5e357354f4a17fe91921120d17fac31,cdae71347d3d5d5629d48130dcee1a4df53cbda367304215e69668799b25a275,347d9dc12d10fe9cf006609f97fd9d4c67b9c04a71898813db7e0bad6f13f024,4,5,d328e178d304645426bc57ed2c866d59fa61da81142f7891bd62edc83bd9a6ca,12,True,,,author_behaviour_audit,dndf,False,132.0,0.5136495342223607,False,1,0.8362573099415205,author_released_10fold_author_behaviour_audit,42,True,dndt-dndf-final-20260826-track-a,0.7777777777777778,0.8947368421052632,d328e178d304645426bc57ed2c866d59fa61da81142f7891bd62edc83bd9a6ca,0.627,gt,True,test_balanced_accuracy_author_audit,102,14,A,,
author_behaviour_audit:dndf:fold-6,author_sample,0.9098510166063561,0.9892787524366471,feb0e63c790c042eaa21e9f3fc83ed64bdc8a24e,True,0.40800000000000003,no_shuffle_repeated_dataset,0.9780701754385965,"{""applied_method"": ""svm_smote"", ""class_counts_after"": {""0"": 1020, ""1"": 1020}, ""class_counts_before"": {""0"": 167, ""1"": 1020}, ""class_weights"": null, ""fallback_reason"": null, ""n_rows_after"": 2040, ""n_rows_before"": 1187, ""requested_method"": ""svm_smote""}",14,0.08341211885507026,94a5452d18ee0d5656119bc1fd5938b2aa77fb4da272660816ffa3b11b8b5a8f,00cfeb8bca2408e1351b30e3f5202c26d40fb2ec,252e37dc9588024455e053798a26ee78b7c29b8a75aee4df33400f74a084c2ff,0.20989769313371545,cuda:0,False,0.8780487804878049,d93935f92612d4e107bbb959396ef0b0b5e357354f4a17fe91921120d17fac31,cdae71347d3d5d5629d48130dcee1a4df53cbda367304215e69668799b25a275,347d9dc12d10fe9cf006609f97fd9d4c67b9c04a71898813db7e0bad6f13f024,0,6,055796e34137b95a018d6c5cbc5cdb39671b79f2ce67ae23d53397d2d2fd425e,5,True,,,author_behaviour_audit,dndf,False,132.0,0.311738990630985,False,1,0.9780701754385965,author_released_10fold_author_behaviour_audit,42,True,dndt-dndf-final-20260826-track-a,1.0,0.956140350877193,055796e34137b95a018d6c5cbc5cdb39671b79f2ce67ae23d53397d2d2fd425e,0.592,gt,True,test_balanced_accuracy_author_audit,109,18,A,,
author_behaviour_audit:dndf:fold-7,author_sample,0.744521384110389,0.9059454191033138,feb0e63c790c042eaa21e9f3fc83ed64bdc8a24e,True,0.508,no_shuffle_repeated_dataset,0.8435672514619883,"{""applied_method"": ""svm_smote"", ""class_counts_after"": {""0"": 1020, ""1"": 1020}, ""class_counts_before"": {""0"": 167, ""1"": 1020}, ""class_weights"": null, ""fallback_reason"": null, ""n_rows_after"": 2040, ""n_rows_before"": 1187, ""requested_method"": ""svm_smote""}",14,0.14770942043249352,922dfc09a2b4ee359c8a34348fafdd07974d8911bb4612e6c6fb48f62277bd55,00cfeb8bca2408e1351b30e3f5202c26d40fb2ec,252e37dc9588024455e053798a26ee78b7c29b8a75aee4df33400f74a084c2ff,0.26636380205551785,cuda:0,False,0.5614035087719298,d93935f92612d4e107bbb959396ef0b0b5e357354f4a17fe91921120d17fac31,cdae71347d3d5d5629d48130dcee1a4df53cbda367304215e69668799b25a275,347d9dc12d10fe9cf006609f97fd9d4c67b9c04a71898813db7e0bad6f13f024,2,7,c83d2ddb4f076bf1b31d2b8d55432e31f59ea44480e9d5c99e4d80bdc33897aa,23,True,,,author_behaviour_audit,dndf,False,132.0,0.46103288781343604,False,1,0.8435672514619883,author_released_10fold_author_behaviour_audit,42,True,dndt-dndf-final-20260826-track-a,0.8888888888888888,0.7982456140350878,c83d2ddb4f076bf1b31d2b8d55432e31f59ea44480e9d5c99e4d80bdc33897aa,0.492,gt,True,test_balanced_accuracy_author_audit,91,16,A,,
author_behaviour_audit:dndf:fold-8,author_sample,0.8359093468315146,0.945906432748538,feb0e63c790c042eaa21e9f3fc83ed64bdc8a24e,True,0.379,no_shuffle_repeated_dataset,0.8918128654970761,"{""applied_method"": ""svm_smote"", ""class_counts_after"": {""0"": 1020, ""1"": 1020}, ""class_counts_before"": {""0"": 167, ""1"": 1020}, ""class_weights"": null, ""fallback_reason"": null, ""n_rows_after"": 2040, ""n_rows_before"": 1187, ""requested_method"": ""svm_smote""}",14,0.16889681539101287,8b89f41423154f23bdaa49fb12a4efacea4db745eda3042314cb089f101a0a0a,00cfeb8bca2408e1351b30e3f5202c26d40fb2ec,252e37dc9588024455e053798a26ee78b7c29b8a75aee4df33400f74a084c2ff,0.3194699394657757,cuda:0,False,0.6956521739130435,d93935f92612d4e107bbb959396ef0b0b5e357354f4a17fe91921120d17fac31,cdae71347d3d5d5629d48130dcee1a4df53cbda367304215e69668799b25a275,347d9dc12d10fe9cf006609f97fd9d4c67b9c04a71898813db7e0bad6f13f024,2,8,c11cc21b98988a33993067866d3e0646edf43cfe0650c0ecb5c8e27132cd79e0,12,True,,,author_behaviour_audit,dndf,False,132.0,0.5129521740645117,False,1,0.891812865497076,author_released_10fold_author_behaviour_audit,42,True,dndt-dndf-final-20260826-track-a,0.8888888888888888,0.8947368421052632,c11cc21b98988a33993067866d3e0646edf43cfe0650c0ecb5c8e27132cd79e0,0.621,gt,True,test_balanced_accuracy_author_audit,102,16,A,,
author_behaviour_audit:dndf:fold-9,author_sample,0.9429870391757869,0.9852507374631269,feb0e63c790c042eaa21e9f3fc83ed64bdc8a24e,True,0.5740000000000001,no_shuffle_repeated_dataset,0.9336283185840708,"{""applied_method"": ""svm_smote"", ""class_counts_after"": {""0"": 1021, ""1"": 1021}, ""class_counts_before"": {""0"": 167, ""1"": 1021}, ""class_weights"": null, ""fallback_reason"": null, ""n_rows_after"": 2042, ""n_rows_before"": 1188, ""requested_method"": ""svm_smote""}",14,0.07555448220988024,b486a2e8b1578e4d449a655f46994694787a2189ac1ca92a174c45f250a45b86,00cfeb8bca2408e1351b30e3f5202c26d40fb2ec,252e37dc9588024455e053798a26ee78b7c29b8a75aee4df33400f74a084c2ff,0.20999275995347336,cuda:0,False,0.7058823529411765,d93935f92612d4e107bbb959396ef0b0b5e357354f4a17fe91921120d17fac31,cdae71347d3d5d5629d48130dcee1a4df53cbda367304215e69668799b25a275,347d9dc12d10fe9cf006609f97fd9d4c67b9c04a71898813db7e0bad6f13f024,0,9,8c704645a09b839978a77e7cd30b3fe1ad0e43efb706719ed7cb1ce0dea33a4c,15,True,,,author_behaviour_audit,dndf,False,131.0,0.2868566762865137,False,1,0.9336283185840708,author_released_10fold_author_behaviour_audit,42,True,dndt-dndf-final-20260826-track-a,1.0,0.8672566371681416,8c704645a09b839978a77e7cd30b3fe1ad0e43efb706719ed7cb1ce0dea33a4c,0.42599999999999993,gt,True,test_balanced_accuracy_author_audit,98,18,A,,
fresh_fold_author_protocol:dndf:fold-0,author_sample,0.4213450647288061,0.7312529110386586,feb0e63c790c042eaa21e9f3fc83ed64bdc8a24e,True,0.773,no_shuffle_repeated_dataset,0.6995808104331626,"{""applied_method"": ""svm_smote"", ""class_counts_after"": {""0"": 636, ""1"": 1021}, ""class_counts_before"": {""0"": 166, ""1"": 1021}, ""class_weights"": null, ""fallback_reason"": null, ""n_rows_after"": 1657, ""n_rows_before"": 1187, ""requested_method"": ""svm_smote""}",14,0.12590583187205331,53eef369a38e9e2d9b554059a6bc68caa8501f1c254bf7a8d21b6d6747bf8b99,00cfeb8bca2408e1351b30e3f5202c26d40fb2ec,5c0e6453e24010d94fbaff6c85ec69b21bd33dd587aa5dae7840c194db5acb1a,0.13646687053595527,cuda:0,False,0.3695652173913043,d93935f92612d4e107bbb959396ef0b0b5e357354f4a17fe91921120d17fac31,cdae71347d3d5d5629d48130dcee1a4df53cbda367304215e69668799b25a275,347d9dc12d10fe9cf006609f97fd9d4c67b9c04a71898813db7e0bad6f13f024,2,0,cbec2f4f94678297eb910a4524049fb2d2ff743fd3103bbd69564555cf2d165d,56,True,,,fresh_fold_author_protocol,dndf,True,132.0,0.4126659348669344,True,1,0.6995808104331627,author_released_10fold_fresh_fold_author_protocol,42,True,dndt-dndf-final-20260826-track-a,0.8947368421052632,0.504424778761062,cbec2f4f94678297eb910a4524049fb2d2ff743fd3103bbd69564555cf2d165d,0.22699999999999998,gt,True,test_balanced_accuracy_author_audit,57,17,A,,
fresh_fold_author_protocol:dndf:fold-1,author_sample,0.19496050509621915,0.5719608756404284,feb0e63c790c042eaa21e9f3fc83ed64bdc8a24e,True,0.651,no_shuffle_repeated_dataset,0.6166744294364229,"{""applied_method"": ""svm_smote"", ""class_counts_after"": {""0"": 1021, ""1"": 1021}, ""class_counts_before"": {""0"": 166, ""1"": 1021}, ""class_weights"": null, ""fallback_reason"": null, ""n_rows_after"": 2042, ""n_rows_before"": 1187, ""requested_method"": ""svm_smote""}",14,0.19478737932962822,f933760a7c97be437d46b807e6f0abf1028983b6c7e584438b2760de05cff0fe,00cfeb8bca2408e1351b30e3f5202c26d40fb2ec,5c0e6453e24010d94fbaff6c85ec69b21bd33dd587aa5dae7840c194db5acb1a,0.23588436706499616,cuda:0,False,0.3157894736842105,d93935f92612d4e107bbb959396ef0b0b5e357354f4a17fe91921120d17fac31,cdae71347d3d5d5629d48130dcee1a4df53cbda367304215e69668799b25a275,347d9dc12d10fe9cf006609f97fd9d4c67b9c04a71898813db7e0bad6f13f024,7,1,171218a49e181ee858f5f668fa4b26835f99bc1b0990edb099d78d219ff30428,45,True,,,fresh_fold_author_protocol,dndf,True,132.0,0.5723712465241637,True,1,0.6166744294364229,author_released_10fold_fresh_fold_author_protocol,43,True,dndt-dndf-final-20260826-track-a,0.631578947368421,0.6017699115044248,171218a49e181ee858f5f668fa4b26835f99bc1b0990edb099d78d219ff30428,0.349,gt,True,test_balanced_accuracy_author_audit,68,12,A,,
fresh_fold_author_protocol:dndf:fold-2,author_sample,0.21120995452488012,0.5640428504890544,feb0e63c790c042eaa21e9f3fc83ed64bdc8a24e,True,0.601,no_shuffle_repeated_dataset,0.6131811830461109,"{""applied_method"": ""svm_smote"", ""class_counts_after"": {""0"": 1021, ""1"": 1021}, ""class_counts_before"": {""0"": 166, ""1"": 1021}, ""class_weights"": null, ""fallback_reason"": null, ""n_rows_after"": 2042, ""n_rows_before"": 1187, ""requested_method"": ""svm_smote""}",14,0.15588877732165685,ea125fab1b5a67713bd0740634b9f69dce75f34d0bda66ae7ce9c4c9e0e4f9b0,00cfeb8bca2408e1351b30e3f5202c26d40fb2ec,5c0e6453e24010d94fbaff6c85ec69b21bd33dd587aa5dae7840c194db5acb1a,0.16776444390416145,cuda:0,False,0.32653061224489793,d93935f92612d4e107bbb959396ef0b0b5e357354f4a17fe91921120d17fac31,cdae71347d3d5d5629d48130dcee1a4df53cbda367304215e69668799b25a275,347d9dc12d10fe9cf006609f97fd9d4c67b9c04a71898813db7e0bad6f13f024,11,2,34a2d460f8b52d9ea2bacc29a401e9dc4b946d827a7961b393a437e0dd571857,22,True,,,fresh_fold_author_protocol,dndf,True,132.0,0.4922767121340682,True,1,0.6131811830461109,author_released_10fold_fresh_fold_author_protocol,44,True,dndt-dndf-final-20260826-track-a,0.42105263157894735,0.8053097345132744,34a2d460f8b52d9ea2bacc29a401e9dc4b946d827a7961b393a437e0dd571857,0.399,gt,True,test_balanced_accuracy_author_audit,91,8,A,,
fresh_fold_author_protocol:dndf:fold-3,author_sample,0.2582092554193771,0.6176059618071728,feb0e63c790c042eaa21e9f3fc83ed64bdc8a24e,True,0.707,no_shuffle_repeated_dataset,0.6259897531439218,"{""applied_method"": ""svm_smote"", ""class_counts_after"": {""0"": 578, ""1"": 1021}, ""class_counts_before"": {""0"": 166, ""1"": 1021}, ""class_weights"": null, ""fallback_reason"": null, ""n_rows_after"": 1599, ""n_rows_before"": 1187, ""requested_method"": ""svm_smote""}",14,0.13449569138488215,7d121068eb87e27d5142e027c7c882c310bbd917def9abece9f476821484891c,00cfeb8bca2408e1351b30e3f5202c26d40fb2ec,5c0e6453e24010d94fbaff6c85ec69b21bd33dd587aa5dae7840c194db5acb1a,0.09543559722828142,cuda:0,False,0.3333333333333333,d93935f92612d4e107bbb959396ef0b0b5e357354f4a17fe91921120d17fac31,cdae71347d3d5d5629d48130dcee1a4df53cbda367304215e69668799b25a275,347d9dc12d10fe9cf006609f97fd9d4c67b9c04a71898813db7e0bad6f13f024,9,3,2cdc80fa9cf4f444cc0fde3702bd3fd3a7834a6fd4c7522f7eca705f28ece430,31,True,,,fresh_fold_author_protocol,dndf,True,132.0,0.4319605000891174,True,1,0.6259897531439218,author_released_10fold_fresh_fold_author_protocol,45,True,dndt-dndf-final-20260826-track-a,0.5263157894736842,0.7256637168141593,2cdc80fa9cf4f444cc0fde3702bd3fd3a7834a6fd4c7522f7eca705f28ece430,0.29300000000000004,gt,True,test_balanced_accuracy_author_audit,82,10,A,,
fresh_fold_author_protocol:dndf:fold-4,author_sample,0.26247215070348273,0.5975780158360503,feb0e63c790c042eaa21e9f3fc83ed64bdc8a24e,True,0.785,no_shuffle_repeated_dataset,0.5980437820214253,"{""applied_method"": ""svm_smote"", ""class_counts_after"": {""0"": 1021, ""1"": 1021}, ""class_counts_before"": {""0"": 166, ""1"": 1021}, ""class_weights"": null, ""fallback_reason"": null, ""n_rows_after"": 2042, ""n_rows_before"": 1187, ""requested_method"": ""svm_smote""}",14,0.1728900849927443,31976ba324e1902e9c7c19b1e1d3bb1a78b2a98edf6967178af0c3ec82937e2e,00cfeb8bca2408e1351b30e3f5202c26d40fb2ec,5c0e6453e24010d94fbaff6c85ec69b21bd33dd587aa5dae7840c194db5acb1a,0.19374487131382484,cuda:0,False,0.2962962962962963,d93935f92612d4e107bbb959396ef0b0b5e357354f4a17fe91921120d17fac31,cdae71347d3d5d5629d48130dcee1a4df53cbda367304215e69668799b25a275,347d9dc12d10fe9cf006609f97fd9d4c67b9c04a71898813db7e0bad6f13f024,3,4,03c8a8d68a4f83160a312065ffecb9add3394442b93ea503dda263e2e661f98e,73,True,,,fresh_fold_author_protocol,dndf,True,132.0,0.5226874033419969,True,1,0.5980437820214253,author_released_10fold_fresh_fold_author_protocol,46,True,dndt-dndf-final-20260826-track-a,0.8421052631578947,0.35398230088495575,03c8a8d68a4f83160a312065ffecb9add3394442b93ea503dda263e2e661f98e,0.21499999999999997,gt,True,test_balanced_accuracy_author_audit,40,16,A,,
fresh_fold_author_protocol:dndf:fold-5,author_sample,0.2474537287506153,0.6379142300194931,feb0e63c790c042eaa21e9f3fc83ed64bdc8a24e,True,0.491,no_shuffle_repeated_dataset,0.6505847953216375,"{""applied_method"": ""svm_smote"", ""class_counts_after"": {""0"": 1020, ""1"": 1020}, ""class_counts_before"": {""0"": 167, ""1"": 1020}, ""class_weights"": null, ""fallback_reason"": null, ""n_rows_after"": 2040, ""n_rows_before"": 1187, ""requested_method"": ""svm_smote""}",14,0.19795788752581098,567012bb0d154d062fc698c7334bed1bb5e978d4cac9272445afd7db47a2767c,00cfeb8bca2408e1351b30e3f5202c26d40fb2ec,5c0e6453e24010d94fbaff6c85ec69b21bd33dd587aa5dae7840c194db5acb1a,0.26245406241805264,cuda:0,False,0.3508771929824561,d93935f92612d4e107bbb959396ef0b0b5e357354f4a17fe91921120d17fac31,cdae71347d3d5d5629d48130dcee1a4df53cbda367304215e69668799b25a275,347d9dc12d10fe9cf006609f97fd9d4c67b9c04a71898813db7e0bad6f13f024,8,5,d328e178d304645426bc57ed2c866d59fa61da81142f7891bd62edc83bd9a6ca,29,True,,,fresh_fold_author_protocol,dndf,True,132.0,0.5801405105506598,True,1,0.6505847953216374,author_released_10fold_fresh_fold_author_protocol,47,True,dndt-dndf-final-20260826-track-a,0.5555555555555556,0.7456140350877193,d328e178d304645426bc57ed2c866d59fa61da81142f7891bd62edc83bd9a6ca,0.509,gt,True,test_balanced_accuracy_author_audit,85,10,A,,
fresh_fold_author_protocol:dndf:fold-6,author_sample,0.2372883141371015,0.6388888888888888,feb0e63c790c042eaa21e9f3fc83ed64bdc8a24e,True,0.79,no_shuffle_repeated_dataset,0.6432748538011696,"{""applied_method"": ""svm_smote"", ""class_counts_after"": {""0"": 1020, ""1"": 1020}, ""class_counts_before"": {""0"": 167, ""1"": 1020}, ""class_weights"": null, ""fallback_reason"": null, ""n_rows_after"": 2040, ""n_rows_before"": 1187, ""requested_method"": ""svm_smote""}",14,0.16478594935181887,802a602ffa9625fef96649e376b7e731bf1256d978e5eae912a06a6147496eeb,00cfeb8bca2408e1351b30e3f5202c26d40fb2ec,5c0e6453e24010d94fbaff6c85ec69b21bd33dd587aa5dae7840c194db5acb1a,0.19016829268498855,cuda:0,False,0.3090909090909091,d93935f92612d4e107bbb959396ef0b0b5e357354f4a17fe91921120d17fac31,cdae71347d3d5d5629d48130dcee1a4df53cbda367304215e69668799b25a275,347d9dc12d10fe9cf006609f97fd9d4c67b9c04a71898813db7e0bad6f13f024,1,6,055796e34137b95a018d6c5cbc5cdb39671b79f2ce67ae23d53397d2d2fd425e,75,True,,,fresh_fold_author_protocol,dndf,True,132.0,0.5019935801112944,True,1,0.6432748538011696,author_released_10fold_fresh_fold_author_protocol,48,True,dndt-dndf-final-20260826-track-a,0.9444444444444444,0.34210526315789475,055796e34137b95a018d6c5cbc5cdb39671b79f2ce67ae23d53397d2d2fd425e,0.20999999999999996,gt,True,test_balanced_accuracy_author_audit,39,17,A,,
fresh_fold_author_protocol:dndf:fold-7,author_sample,0.26888817827107586,0.5872319688109162,feb0e63c790c042eaa21e9f3fc83ed64bdc8a24e,True,0.31,no_shuffle_repeated_dataset,0.6418128654970761,"{""applied_method"": ""svm_smote"", ""class_counts_after"": {""0"": 1020, ""1"": 1020}, ""class_counts_before"": {""0"": 167, ""1"": 1020}, ""class_weights"": null, ""fallback_reason"": null, ""n_rows_after"": 2040, ""n_rows_before"": 1187, ""requested_method"": ""svm_smote""}",14,0.23195779914105588,4064ced5d8f26869569c3f25c92f57210e09c022ecfdef731d92e3057398f8d6,00cfeb8bca2408e1351b30e3f5202c26d40fb2ec,5c0e6453e24010d94fbaff6c85ec69b21bd33dd587aa5dae7840c194db5acb1a,0.31291563165458763,cuda:0,False,0.3783783783783784,d93935f92612d4e107bbb959396ef0b0b5e357354f4a17fe91921120d17fac31,cdae71347d3d5d5629d48130dcee1a4df53cbda367304215e69668799b25a275,347d9dc12d10fe9cf006609f97fd9d4c67b9c04a71898813db7e0bad6f13f024,11,7,c83d2ddb4f076bf1b31d2b8d55432e31f59ea44480e9d5c99e4d80bdc33897aa,12,True,,,fresh_fold_author_protocol,dndf,True,132.0,0.6590724079247762,True,1,0.6418128654970761,author_released_10fold_fresh_fold_author_protocol,49,True,dndt-dndf-final-20260826-track-a,0.3888888888888889,0.8947368421052632,c83d2ddb4f076bf1b31d2b8d55432e31f59ea44480e9d5c99e4d80bdc33897aa,0.69,gt,True,test_balanced_accuracy_author_audit,102,7,A,,
fresh_fold_author_protocol:dndf:fold-8,author_sample,0.22059514923905985,0.5599415204678363,feb0e63c790c042eaa21e9f3fc83ed64bdc8a24e,True,0.34400000000000003,no_shuffle_repeated_dataset,0.5994152046783625,"{""applied_method"": ""svm_smote"", ""class_counts_after"": {""0"": 1020, ""1"": 1020}, ""class_counts_before"": {""0"": 167, ""1"": 1020}, ""class_weights"": null, ""fallback_reason"": null, ""n_rows_after"": 2040, ""n_rows_before"": 1187, ""requested_method"": ""svm_smote""}",14,0.2312236080758052,7e70c4db76e959bbf133b344eb8dfff7888c16b5d4e36b0da9306bb3255d7c56,00cfeb8bca2408e1351b30e3f5202c26d40fb2ec,5c0e6453e24010d94fbaff6c85ec69b21bd33dd587aa5dae7840c194db5acb1a,0.3109826164489443,cuda:0,False,0.3125,d93935f92612d4e107bbb959396ef0b0b5e357354f4a17fe91921120d17fac31,cdae71347d3d5d5629d48130dcee1a4df53cbda367304215e69668799b25a275,347d9dc12d10fe9cf006609f97fd9d4c67b9c04a71898813db7e0bad6f13f024,13,8,c11cc21b98988a33993067866d3e0646edf43cfe0650c0ecb5c8e27132cd79e0,9,True,,,fresh_fold_author_protocol,dndf,True,132.0,0.649807284441366,True,1,0.5994152046783625,author_released_10fold_fresh_fold_author_protocol,50,True,dndt-dndf-final-20260826-track-a,0.2777777777777778,0.9210526315789473,c11cc21b98988a33993067866d3e0646edf43cfe0650c0ecb5c8e27132cd79e0,0.6559999999999999,gt,True,test_balanced_accuracy_author_audit,105,5,A,,
fresh_fold_author_protocol:dndf:fold-9,author_sample,0.18730075147844544,0.5988200589970502,feb0e63c790c042eaa21e9f3fc83ed64bdc8a24e,True,0.61,no_shuffle_repeated_dataset,0.6216814159292036,"{""applied_method"": ""svm_smote"", ""class_counts_after"": {""0"": 1021, ""1"": 1021}, ""class_counts_before"": {""0"": 167, ""1"": 1021}, ""class_weights"": null, ""fallback_reason"": null, ""n_rows_after"": 2042, ""n_rows_before"": 1188, ""requested_method"": ""svm_smote""}",14,0.15714271139321503,625342d63970333d1edba78f1202daa28b8e7ed9f9367448546e438c8d069477,00cfeb8bca2408e1351b30e3f5202c26d40fb2ec,5c0e6453e24010d94fbaff6c85ec69b21bd33dd587aa5dae7840c194db5acb1a,0.17042490339461175,cuda:0,False,0.32142857142857145,d93935f92612d4e107bbb959396ef0b0b5e357354f4a17fe91921120d17fac31,cdae71347d3d5d5629d48130dcee1a4df53cbda367304215e69668799b25a275,347d9dc12d10fe9cf006609f97fd9d4c67b9c04a71898813db7e0bad6f13f024,9,9,8c704645a09b839978a77e7cd30b3fe1ad0e43efb706719ed7cb1ce0dea33a4c,29,True,,,fresh_fold_author_protocol,dndf,True,131.0,0.49143133048135007,True,1,0.6216814159292036,author_released_10fold_fresh_fold_author_protocol,51,True,dndt-dndf-final-20260826-track-a,0.5,0.7433628318584071,8c704645a09b839978a77e7cd30b3fe1ad0e43efb706719ed7cb1ce0dea33a4c,0.39,gt,True,test_balanced_accuracy_author_audit,84,9,A,,
corrected_reference:dndf:fold-0,author_sample,0.41683489841764965,0.7489520260829063,feb0e63c790c042eaa21e9f3fc83ed64bdc8a24e,True,,deterministic_per_epoch_shuffle,0.6734979040521658,"{""applied_method"": ""svm_smote"", ""class_counts_after"": {""0"": 556, ""1"": 893}, ""class_counts_before"": {""0"": 145, ""1"": 893}, ""class_weights"": null, ""fallback_reason"": null, ""n_rows_after"": 1449, ""n_rows_before"": 1038, ""requested_method"": ""svm_smote""}",3,0.1443696645194444,47227b7cd04e162df5c27fe0d78beea72521535f25c55b4c70e0406d713783c4,00cfeb8bca2408e1351b30e3f5202c26d40fb2ec,bb9b135a271ea95e5045699c8711a32477c30c5e8e61966574bbf4ba3f582bae,0.2059164607163632,cuda:0,False,0.35714285714285715,d93935f92612d4e107bbb959396ef0b0b5e357354f4a17fe91921120d17fac31,cdae71347d3d5d5629d48130dcee1a4df53cbda367304215e69668799b25a275,347d9dc12d10fe9cf006609f97fd9d4c67b9c04a71898813db7e0bad6f13f024,4,0,24e30ba867152d680ec3c24c9441364ad3e004af2f66a501160c6873a1e96781,50,True,42.0,0.125,corrected_reference,dndf,True,132.0,0.46194859164372654,True,1,,author_released_10fold_corrected_reference,42,True,dndt-dndf-final-20260826-track-a,0.7894736842105263,0.5575221238938053,24e30ba867152d680ec3c24c9441364ad3e004af2f66a501160c6873a1e96781,0.2991577386856079,ge,False,inner_validation_balanced_accuracy,63,15,A,0.26239274615410146,0.7079613095238094
corrected_reference:dndf:fold-1,author_sample,0.23617443647540207,0.6604564508616675,feb0e63c790c042eaa21e9f3fc83ed64bdc8a24e,True,,deterministic_per_epoch_shuffle,0.6164415463437354,"{""applied_method"": ""svm_smote"", ""class_counts_after"": {""0"": 591, ""1"": 893}, ""class_counts_before"": {""0"": 145, ""1"": 893}, ""class_weights"": null, ""fallback_reason"": null, ""n_rows_after"": 1484, ""n_rows_before"": 1038, ""requested_method"": ""svm_smote""}",8,0.14314693462442263,f596864240b3be43fe0f07b8aeb743118133214d94ac8c67992cae9cbfaddafb,00cfeb8bca2408e1351b30e3f5202c26d40fb2ec,bb9b135a271ea95e5045699c8711a32477c30c5e8e61966574bbf4ba3f582bae,0.10948468936663686,cuda:0,False,0.3132530120481928,d93935f92612d4e107bbb959396ef0b0b5e357354f4a17fe91921120d17fac31,cdae71347d3d5d5629d48130dcee1a4df53cbda367304215e69668799b25a275,347d9dc12d10fe9cf006609f97fd9d4c67b9c04a71898813db7e0bad6f13f024,6,1,fe3bbae7a04cc2673bb5b10d8f6cc54201a4d2b1b825f230df3151472d9ca37a,51,True,43.0,0.125,corrected_reference,dndf,True,132.0,0.4468115779401603,True,1,,author_released_10fold_corrected_reference,43,True,dndt-dndf-final-20260826-track-a,0.6842105263157895,0.5486725663716814,fe3bbae7a04cc2673bb5b10d8f6cc54201a4d2b1b825f230df3151472d9ca37a,0.22189533710479736,ge,False,inner_validation_balanced_accuracy,62,13,A,0.33953481862597,0.6707589285714286
corrected_reference:dndf:fold-2,author_sample,0.19427958508402496,0.5291103865859338,feb0e63c790c042eaa21e9f3fc83ed64bdc8a24e,True,,deterministic_per_epoch_shuffle,0.519795062878435,"{""applied_method"": ""svm_smote"", ""class_counts_after"": {""0"": 893, ""1"": 893}, ""class_counts_before"": {""0"": 145, ""1"": 893}, ""class_weights"": null, ""fallback_reason"": null, ""n_rows_after"": 1786, ""n_rows_before"": 1038, ""requested_method"": ""svm_smote""}",8,0.14234358332397715,cce67596cc0168cc1988f690a26459a564f50096779c6c8ce7ad109947e88877,00cfeb8bca2408e1351b30e3f5202c26d40fb2ec,bb9b135a271ea95e5045699c8711a32477c30c5e8e61966574bbf4ba3f582bae,0.13113950757366238,cuda:0,False,0.23809523809523808,d93935f92612d4e107bbb959396ef0b0b5e357354f4a17fe91921120d17fac31,cdae71347d3d5d5629d48130dcee1a4df53cbda367304215e69668799b25a275,347d9dc12d10fe9cf006609f97fd9d4c67b9c04a71898813db7e0bad6f13f024,9,2,bd7b577b5012188ee21c698f6aeb955beff8475af96e4335ff77c6f0e4def5d4,55,True,44.0,0.125,corrected_reference,dndf,True,132.0,0.47372814993212636,True,1,,author_released_10fold_corrected_reference,44,True,dndt-dndf-final-20260826-track-a,0.5263157894736842,0.5132743362831859,bd7b577b5012188ee21c698f6aeb955beff8475af96e4335ff77c6f0e4def5d4,0.14598166942596436,ge,False,inner_validation_balanced_accuracy,58,10,A,0.3017828596666899,0.6521577380952381
corrected_reference:dndf:fold-3,author_sample,0.18438347437937025,0.5980437820214252,feb0e63c790c042eaa21e9f3fc83ed64bdc8a24e,True,,deterministic_per_epoch_shuffle,0.5381928272007452,"{""applied_method"": ""svm_smote"", ""class_counts_after"": {""0"": 505, ""1"": 893}, ""class_counts_before"": {""0"": 145, ""1"": 893}, ""class_weights"": null, ""fallback_reason"": null, ""n_rows_after"": 1398, ""n_rows_before"": 1038, ""requested_method"": ""svm_smote""}",10,0.14536767962431915,6c2d1c144a9ee76b3f14d6cbde1e7fd3c226a0f8e79a2f2b5ad6dd64af72af40,00cfeb8bca2408e1351b30e3f5202c26d40fb2ec,bb9b135a271ea95e5045699c8711a32477c30c5e8e61966574bbf4ba3f582bae,0.08412716898954276,cuda:0,False,0.23728813559322035,d93935f92612d4e107bbb959396ef0b0b5e357354f4a17fe91921120d17fac31,cdae71347d3d5d5629d48130dcee1a4df53cbda367304215e69668799b25a275,347d9dc12d10fe9cf006609f97fd9d4c67b9c04a71898813db7e0bad6f13f024,12,3,d860638f07652ea81ae87e6cc5e31865514a0dbe65c45463742796afa9380e84,33,True,45.0,0.125,corrected_reference,dndf,True,132.0,0.45428859769997515,True,1,,author_released_10fold_corrected_reference,45,True,dndt-dndf-final-20260826-track-a,0.3684210526315789,0.7079646017699115,d860638f07652ea81ae87e6cc5e31865514a0dbe65c45463742796afa9380e84,0.2552040219306946,ge,False,inner_validation_balanced_accuracy,80,7,A,0.32435391687220844,0.6811755952380952
corrected_reference:dndf:fold-4,author_sample,0.3747119123280114,0.7168141592920353,feb0e63c790c042eaa21e9f3fc83ed64bdc8a24e,True,,deterministic_per_epoch_shuffle,0.7009781089892874,"{""applied_method"": ""svm_smote"", ""class_counts_after"": {""0"": 893, ""1"": 893}, ""class_counts_before"": {""0"": 145, ""1"": 893}, ""class_weights"": null, ""fallback_reason"": null, ""n_rows_after"": 1786, ""n_rows_before"": 1038, ""requested_method"": ""svm_smote""}",4,0.12790456630185298,ea0e58d29fd8e8691c386ace3bd4b1c038b4106b31b11afbc0e7ea7d2c5ab010,00cfeb8bca2408e1351b30e3f5202c26d40fb2ec,bb9b135a271ea95e5045699c8711a32477c30c5e8e61966574bbf4ba3f582bae,0.12143389090444102,cuda:0,False,0.44,d93935f92612d4e107bbb959396ef0b0b5e357354f4a17fe91921120d17fac31,cdae71347d3d5d5629d48130dcee1a4df53cbda367304215e69668799b25a275,347d9dc12d10fe9cf006609f97fd9d4c67b9c04a71898813db7e0bad6f13f024,8,4,d7c980a22b1a1cbd9e3197f10d1ebee2b463014f246f548a87f6dd65c3693c9a,20,True,46.0,0.125,corrected_reference,dndf,True,132.0,0.4190419823310398,True,1,,author_released_10fold_corrected_reference,46,True,dndt-dndf-final-20260826-track-a,0.5789473684210527,0.8230088495575221,d7c980a22b1a1cbd9e3197f10d1ebee2b463014f246f548a87f6dd65c3693c9a,0.37177979946136475,ge,False,inner_validation_balanced_accuracy,93,11,A,0.24205625275165576,0.6090029761904763
corrected_reference:dndf:fold-5,author_sample,0.24359421515329782,0.6403508771929826,feb0e63c790c042eaa21e9f3fc83ed64bdc8a24e,True,,deterministic_per_epoch_shuffle,0.6096491228070176,"{""applied_method"": ""svm_smote"", ""class_counts_after"": {""0"": 892, ""1"": 892}, ""class_counts_before"": {""0"": 146, ""1"": 892}, ""class_weights"": null, ""fallback_reason"": null, ""n_rows_after"": 1784, ""n_rows_before"": 1038, ""requested_method"": ""svm_smote""}",2,0.14405630569728456,c8ce2252fdf0a3ce6a2cc6dde966d87089a946c90d8f4a45a714cbb6f0cfaef6,00cfeb8bca2408e1351b30e3f5202c26d40fb2ec,bb9b135a271ea95e5045699c8711a32477c30c5e8e61966574bbf4ba3f582bae,0.16274448122942087,cuda:0,False,0.3050847457627119,d93935f92612d4e107bbb959396ef0b0b5e357354f4a17fe91921120d17fac31,cdae71347d3d5d5629d48130dcee1a4df53cbda367304215e69668799b25a275,347d9dc12d10fe9cf006609f97fd9d4c67b9c04a71898813db7e0bad6f13f024,9,5,3a96a448a748b81b0d2cb5ed380d93a8f2c39a886f3b00388725bda1bd2ebaa4,32,True,47.0,0.125,corrected_reference,dndf,True,132.0,0.4611031705999316,True,1,,author_released_10fold_corrected_reference,47,True,dndt-dndf-final-20260826-track-a,0.5,0.7192982456140351,3a96a448a748b81b0d2cb5ed380d93a8f2c39a886f3b00388725bda1bd2ebaa4,0.34764063358306885,ge,False,inner_validation_balanced_accuracy,82,9,A,0.20335721607756213,0.6212797619047619
corrected_reference:dndf:fold-6,author_sample,0.3064518844149937,0.7139376218323586,feb0e63c790c042eaa21e9f3fc83ed64bdc8a24e,True,,deterministic_per_epoch_shuffle,0.6652046783625731,"{""applied_method"": ""svm_smote"", ""class_counts_after"": {""0"": 892, ""1"": 892}, ""class_counts_before"": {""0"": 146, ""1"": 892}, ""class_weights"": null, ""fallback_reason"": null, ""n_rows_after"": 1784, ""n_rows_before"": 1038, ""requested_method"": ""svm_smote""}",4,0.13239223842008183,f54acce1f5f8b378301f7d5ce406aabf659a70850e89948d92e1af4420c11c46,00cfeb8bca2408e1351b30e3f5202c26d40fb2ec,bb9b135a271ea95e5045699c8711a32477c30c5e8e61966574bbf4ba3f582bae,0.13596725689642358,cuda:0,False,0.36065573770491804,d93935f92612d4e107bbb959396ef0b0b5e357354f4a17fe91921120d17fac31,cdae71347d3d5d5629d48130dcee1a4df53cbda367304215e69668799b25a275,347d9dc12d10fe9cf006609f97fd9d4c67b9c04a71898813db7e0bad6f13f024,7,6,a9bcf5a786d5bd1c15a003ae84467e321b926becf06e0ce0ccf94d42143c139c,32,True,48.0,0.125,corrected_reference,dndf,True,132.0,0.42543871304971703,True,1,,author_released_10fold_corrected_reference,48,True,dndt-dndf-final-20260826-track-a,0.6111111111111112,0.7192982456140351,a9bcf5a786d5bd1c15a003ae84467e321b926becf06e0ce0ccf94d42143c139c,0.3095749020576477,ge,False,inner_validation_balanced_accuracy,82,11,A,0.27194487762997976,0.7094494047619047
corrected_reference:dndf:fold-7,author_sample,0.30613330286747575,0.6442495126705654,feb0e63c790c042eaa21e9f3fc83ed64bdc8a24e,True,,deterministic_per_epoch_shuffle,0.5921052631578947,"{""applied_method"": ""svm_smote"", ""class_counts_after"": {""0"": 504, ""1"": 892}, ""class_counts_before"": {""0"": 146, ""1"": 892}, ""class_weights"": null, ""fallback_reason"": null, ""n_rows_after"": 1396, ""n_rows_before"": 1038, ""requested_method"": ""svm_smote""}",8,0.12068606129095572,ef8832d0cf3ba8082be2262e051f350297aad1617047342c6153f8a713ec6299,00cfeb8bca2408e1351b30e3f5202c26d40fb2ec,bb9b135a271ea95e5045699c8711a32477c30c5e8e61966574bbf4ba3f582bae,0.07692619988864118,cuda:0,False,0.2823529411764706,d93935f92612d4e107bbb959396ef0b0b5e357354f4a17fe91921120d17fac31,cdae71347d3d5d5629d48130dcee1a4df53cbda367304215e69668799b25a275,347d9dc12d10fe9cf006609f97fd9d4c67b9c04a71898813db7e0bad6f13f024,6,7,ed426607978c7cbe7c39bea12d66042f86db4a14e93c88dbe5299cbeadb83862,55,True,49.0,0.125,corrected_reference,dndf,True,132.0,0.3979723407771563,True,1,,author_released_10fold_corrected_reference,49,True,dndt-dndf-final-20260826-track-a,0.6666666666666666,0.5175438596491229,ed426607978c7cbe7c39bea12d66042f86db4a14e93c88dbe5299cbeadb83862,0.15312331914901733,ge,False,inner_validation_balanced_accuracy,59,12,A,0.26303873150550555,0.6421130952380951
corrected_reference:dndf:fold-8,author_sample,0.1731029854879093,0.5891812865497076,feb0e63c790c042eaa21e9f3fc83ed64bdc8a24e,True,,deterministic_per_epoch_shuffle,0.5745614035087719,"{""applied_method"": ""svm_smote"", ""class_counts_after"": {""0"": 421, ""1"": 892}, ""class_counts_before"": {""0"": 146, ""1"": 892}, ""class_weights"": null, ""fallback_reason"": null, ""n_rows_after"": 1313, ""n_rows_before"": 1038, ""requested_method"": ""svm_smote""}",5,0.1358887479997721,763e1463ecae42e867570f446a3d2fe03541beb39541304bc6cea501aed7580f,00cfeb8bca2408e1351b30e3f5202c26d40fb2ec,bb9b135a271ea95e5045699c8711a32477c30c5e8e61966574bbf4ba3f582bae,0.07748844835794333,cuda:0,False,0.2696629213483146,d93935f92612d4e107bbb959396ef0b0b5e357354f4a17fe91921120d17fac31,cdae71347d3d5d5629d48130dcee1a4df53cbda367304215e69668799b25a275,347d9dc12d10fe9cf006609f97fd9d4c67b9c04a71898813db7e0bad6f13f024,6,8,a454aed15b2a270663d8138437e86d3eecf117c06e570e497283025dc1c9ead9,59,True,50.0,0.125,corrected_reference,dndf,True,132.0,0.43248564082103624,True,1,,author_released_10fold_corrected_reference,50,True,dndt-dndf-final-20260826-track-a,0.6666666666666666,0.4824561403508772,a454aed15b2a270663d8138437e86d3eecf117c06e570e497283025dc1c9ead9,0.18195736408233643,ge,False,inner_validation_balanced_accuracy,55,12,A,0.2706657390686936,0.6588541666666666
corrected_reference:dndf:fold-9,author_sample,0.2076191022277871,0.6317600786627335,feb0e63c790c042eaa21e9f3fc83ed64bdc8a24e,True,,deterministic_per_epoch_shuffle,0.5894788593903638,"{""applied_method"": ""svm_smote"", ""class_counts_after"": {""0"": 495, ""1"": 893}, ""class_counts_before"": {""0"": 146, ""1"": 893}, ""class_weights"": null, ""fallback_reason"": null, ""n_rows_after"": 1388, ""n_rows_before"": 1039, ""requested_method"": ""svm_smote""}",3,0.14449679477807034,50ffc7d64f25adf3c448afef81c560dc9f570443c3b5c18c4f043b52294fdddd,00cfeb8bca2408e1351b30e3f5202c26d40fb2ec,bb9b135a271ea95e5045699c8711a32477c30c5e8e61966574bbf4ba3f582bae,0.1397814638059558,cuda:0,False,0.2857142857142857,d93935f92612d4e107bbb959396ef0b0b5e357354f4a17fe91921120d17fac31,cdae71347d3d5d5629d48130dcee1a4df53cbda367304215e69668799b25a275,347d9dc12d10fe9cf006609f97fd9d4c67b9c04a71898813db7e0bad6f13f024,10,9,e136174bded367a5dfde0c685e88f1bfb97eb1558c02292fb3aca6d62cd5bce0,30,True,51.0,0.125,corrected_reference,dndf,True,131.0,0.45458638086792824,True,1,,author_released_10fold_corrected_reference,51,True,dndt-dndf-final-20260826-track-a,0.4444444444444444,0.7345132743362832,e136174bded367a5dfde0c685e88f1bfb97eb1558c02292fb3aca6d62cd5bce0,0.3521011471748352,ge,False,inner_validation_balanced_accuracy,83,8,A,0.3863554772929887,0.6473214285714286
